district_osm_id,district_name,state_name,latitude,longitude,annual_rainfall_normal_mm,monsoon_rainfall_normal_mm,annual_rainfall_2022_mm,historical_landslides_1998_2022_state_count,elevation_m,slope_deg,terrain_data_status,prototype_risk_score,prototype_risk_level,label_status
9515358,Anjaw district,Arunachal Pradesh,28.1109136542631,96.81209564477618,2933.7,1768.0,2810.6,7689,4143.0,43.8,ELEVATION_FILLED_SLOPE_FILLED,0.480069539854602,MEDIUM,PROTOTYPE_PROXY_NOT_GROUND_TRUTH
19969401,Bichom,Arunachal Pradesh,27.531021577080388,92.59787245873164,2933.7,1768.0,2810.6,7689,2789.0,20.35,ELEVATION_FILLED_SLOPE_FILLED,0.480069539854602,MEDIUM,PROTOTYPE_PROXY_NOT_GROUND_TRUTH
2027455,Changlang,Arunachal Pradesh,27.36282475262198,96.33984961654284,2933.7,1768.0,2810.6,7689,779.0,9.16,ELEVATION_FILLED_SLOPE_FILLED,0.480069539854602,MEDIUM,PROTOTYPE_PROXY_NOT_GROUND_TRUTH
2027456,Dibang Valley,Arunachal Pradesh,28.847972607740253,95.91090666686102,2933.7,1768.0,2810.6,7689,2777.0,34.18,ELEVATION_FILLED_SLOPE_FILLED,0.480069539854602,MEDIUM,PROTOTYPE_PROXY_NOT_GROUND_TRUTH
2027347,East Kameng,Arunachal Pradesh,27.59146493982756,92.94674938916208,2933.7,1768.0,2810.6,7689,1026.0,30.76,ELEVATION_FILLED_SLOPE_FILLED,0.480069539854602,MEDIUM,PROTOTYPE_PROXY_NOT_GROUND_TRUTH
2027435,East Siang,Arunachal Pradesh,28.046250883415983,95.35602465707213,2933.7,1768.0,2810.6,7689,153.0,2.97,ELEVATION_FILLED_SLOPE_FILLED,0.480069539854602,MEDIUM,PROTOTYPE_PROXY_NOT_GROUND_TRUTH
9516226,Kamle,Arunachal Pradesh,27.746556607351387,94.10591960696732,2933.7,1768.0,2810.6,7689,784.0,30.04,ELEVATION_FILLED_SLOPE_FILLED,0.480069539854602,MEDIUM,PROTOTYPE_PROXY_NOT_GROUND_TRUTH
19969417,Keyi Panyor,Arunachal Pradesh,27.49815322694358,93.7082750642338,2933.7,1768.0,2810.6,7689,1175.0,17.59,ELEVATION_FILLED_SLOPE_FILLED,0.480069539854602,MEDIUM,PROTOTYPE_PROXY_NOT_GROUND_TRUTH
9516234,Kra Daadi,Arunachal Pradesh,27.98059708845603,93.6998535720125,2933.7,1768.0,2810.6,7689,1580.0,26.79,ELEVATION_FILLED_SLOPE_FILLED,0.480069539854602,MEDIUM,PROTOTYPE_PROXY_NOT_GROUND_TRUTH
3841144,Kurung Kumey,Arunachal Pradesh,28.00662303452696,93.20304525328086,2933.7,1768.0,2810.6,7689,2082.0,41.5,ELEVATION_FILLED_SLOPE_FILLED,0.480069539854602,MEDIUM,PROTOTYPE_PROXY_NOT_GROUND_TRUTH
9516097,Lepa Rada,Arunachal Pradesh,27.929902792528264,94.73012359707224,2933.7,1768.0,2810.6,7689,932.0,35.59,ELEVATION_FILLED_SLOPE_FILLED,0.480069539854602,MEDIUM,PROTOTYPE_PROXY_NOT_GROUND_TRUTH
2027457,Lohit,Arunachal Pradesh,27.938097137642394,96.28661610132612,2933.7,1768.0,2810.6,7689,1007.0,45.44,ELEVATION_FILLED_SLOPE_FILLED,0.480069539854602,MEDIUM,PROTOTYPE_PROXY_NOT_GROUND_TRUTH
9515443,Lower Dibang Valley,Arunachal Pradesh,28.254584710530104,95.85582046566662,2933.7,1768.0,2810.6,7689,1530.0,38.11,ELEVATION_FILLED_SLOPE_FILLED,0.480069539854602,MEDIUM,PROTOTYPE_PROXY_NOT_GROUND_TRUTH
9516096,Lower Siang,Arunachal Pradesh,27.77018180226525,94.6822306330604,2933.7,1768.0,2810.6,7689,1177.0,8.48,ELEVATION_FILLED_SLOPE_FILLED,0.480069539854602,MEDIUM,PROTOTYPE_PROXY_NOT_GROUND_TRUTH
2027356,Lower Subansiri,Arunachal Pradesh,27.604310624534968,93.86582083821172,2933.7,1768.0,2810.6,7689,1670.0,23.3,ELEVATION_FILLED_SLOPE_FILLED,0.480069539854602,MEDIUM,PROTOTYPE_PROXY_NOT_GROUND_TRUTH
9515359,Namsai,Arunachal Pradesh,27.7029901540727,96.04671943722887,2933.7,1768.0,2810.6,7689,228.0,3.18,ELEVATION_FILLED_SLOPE_FILLED,0.480069539854602,MEDIUM,PROTOTYPE_PROXY_NOT_GROUND_TRUTH
10062837,Pakke-Kessang,Arunachal Pradesh,27.106815113401563,93.03849138427977,2933.7,1768.0,2810.6,7689,783.0,18.0,ELEVATION_FILLED_SLOPE_FILLED,0.480069539854602,MEDIUM,PROTOTYPE_PROXY_NOT_GROUND_TRUTH
2027348,Papum Pare,Arunachal Pradesh,27.270648038283863,93.58927788757008,2933.7,1768.0,2810.6,7689,1438.0,23.3,ELEVATION_FILLED_SLOPE_FILLED,0.480069539854602,MEDIUM,PROTOTYPE_PROXY_NOT_GROUND_TRUTH
9516095,Shi Yomi,Arunachal Pradesh,28.6702385644297,94.26050103118416,2933.7,1768.0,2810.6,7689,2504.0,25.34,ELEVATION_FILLED_SLOPE_FILLED,0.480069539854602,MEDIUM,PROTOTYPE_PROXY_NOT_GROUND_TRUTH
9516098,Siang,Arunachal Pradesh,28.403157417883,94.8034981748965,2933.7,1768.0,2810.6,7689,1053.0,24.85,ELEVATION_FILLED_SLOPE_FILLED,0.480069539854602,MEDIUM,PROTOTYPE_PROXY_NOT_GROUND_TRUTH
3841145,Tawang district,Arunachal Pradesh,27.659809363185506,91.97551070795905,2933.7,1768.0,2810.6,7689,3799.0,19.5,ELEVATION_FILLED_SLOPE_FILLED,0.480069539854602,MEDIUM,PROTOTYPE_PROXY_NOT_GROUND_TRUTH
2027458,Tirap,Arunachal Pradesh,27.024875254687903,95.5285059016574,2933.7,1768.0,2810.6,7689,491.0,3.18,ELEVATION_FILLED_SLOPE_FILLED,0.480069539854602,MEDIUM,PROTOTYPE_PROXY_NOT_GROUND_TRUTH
2027436,Upper Siang,Arunachal Pradesh,28.815042186107515,94.93602084085968,2933.7,1768.0,2810.6,7689,630.0,42.85,ELEVATION_FILLED_SLOPE_FILLED,0.480069539854602,MEDIUM,PROTOTYPE_PROXY_NOT_GROUND_TRUTH
2027358,Upper Subansiri,Arunachal Pradesh,28.318881255195752,93.90994038402944,2933.7,1768.0,2810.6,7689,2041.0,30.48,ELEVATION_FILLED_SLOPE_FILLED,0.480069539854602,MEDIUM,PROTOTYPE_PROXY_NOT_GROUND_TRUTH
3841146,West Kameng,Arunachal Pradesh,27.23839636766555,92.3552675552626,2933.7,1768.0,2810.6,7689,2618.0,15.05,ELEVATION_FILLED_SLOPE_FILLED,0.480069539854602,MEDIUM,PROTOTYPE_PROXY_NOT_GROUND_TRUTH
2027359,West Siang,Arunachal Pradesh,28.1611399350306,94.62562840642516,2933.7,1768.0,2810.6,7689,977.0,27.8,ELEVATION_FILLED_SLOPE_FILLED,0.480069539854602,MEDIUM,PROTOTYPE_PROXY_NOT_GROUND_TRUTH
16704179,Bajali,Assam,26.522408355741703,91.1419157023424,2296.8,1523.4,2375.7,2569,45.0,0.87,ELEVATION_FILLED_SLOPE_FILLED,0.172494712385148,LOW,PROTOTYPE_PROXY_NOT_GROUND_TRUTH
9521712,Baksa,Assam,26.66583333559812,91.19996738922686,2296.8,1523.4,2375.7,2569,53.0,0.26,ELEVATION_FILLED_SLOPE_FILLED,0.172494712385148,LOW,PROTOTYPE_PROXY_NOT_GROUND_TRUTH
1791158,Barpeta,Assam,26.29986985668469,90.97342518997002,2296.8,1523.4,2375.7,2569,39.0,0.29,ELEVATION_FILLED_SLOPE_FILLED,0.172494712385148,LOW,PROTOTYPE_PROXY_NOT_GROUND_TRUTH
16701825,Biswanath,Assam,26.83066472026144,93.38300083453407,2296.8,1523.4,2375.7,2569,89.0,1.27,ELEVATION_FILLED_SLOPE_FILLED,0.172494712385148,LOW,PROTOTYPE_PROXY_NOT_GROUND_TRUTH
1791154,Bongaigaon,Assam,26.36042960450565,90.61935975270892,2296.8,1523.4,2375.7,2569,41.0,1.26,ELEVATION_FILLED_SLOPE_FILLED,0.172494712385148,LOW,PROTOTYPE_PROXY_NOT_GROUND_TRUTH
2025971,Cachar,Assam,24.812103537421304,92.85588031794502,2296.8,1523.4,2375.7,2569,21.0,1.42,ELEVATION_FILLED_SLOPE_FILLED,0.172494712385148,LOW,PROTOTYPE_PROXY_NOT_GROUND_TRUTH
9521247,Charaideo,Assam,27.063078876023933,95.04631980401122,2296.8,1523.4,2375.7,2569,104.0,0.26,ELEVATION_FILLED_SLOPE_FILLED,0.172494712385148,LOW,PROTOTYPE_PROXY_NOT_GROUND_TRUTH
9521711,Chirang,Assam,26.66016572538632,90.59961244576272,2296.8,1523.4,2375.7,2569,95.0,0.0,ELEVATION_FILLED_SLOPE_FILLED,0.172494712385148,LOW,PROTOTYPE_PROXY_NOT_GROUND_TRUTH
1791255,Darrang,Assam,26.44717384478152,92.02897360610652,2296.8,1523.4,2375.7,2569,59.0,0.29,ELEVATION_FILLED_SLOPE_FILLED,0.172494712385148,LOW,PROTOTYPE_PROXY_NOT_GROUND_TRUTH
2026407,Dhemaji,Assam,27.59291792977513,94.77777591802962,2296.8,1523.4,2375.7,2569,105.0,0.0,ELEVATION_FILLED_SLOPE_FILLED,0.172494712385148,LOW,PROTOTYPE_PROXY_NOT_GROUND_TRUTH
2025887,Dhubri,Assam,26.16585312400426,90.03484678424378,2296.8,1523.4,2375.7,2569,48.0,0.58,ELEVATION_FILLED_SLOPE_FILLED,0.172494712385148,LOW,PROTOTYPE_PROXY_NOT_GROUND_TRUTH
2026441,Dibrugarh,Assam,27.367184788348588,95.05241172296324,2296.8,1523.4,2375.7,2569,107.0,1.94,ELEVATION_FILLED_SLOPE_FILLED,0.172494712385148,LOW,PROTOTYPE_PROXY_NOT_GROUND_TRUTH
2025931,Dima Hasao,Assam,25.37802194216758,93.03104696661346,2296.8,1523.4,2375.7,2569,306.0,7.74,ELEVATION_FILLED_SLOPE_FILLED,0.172494712385148,LOW,PROTOTYPE_PROXY_NOT_GROUND_TRUTH
2025888,Goalpara,Assam,26.05128794577673,90.60364881583732,2296.8,1523.4,2375.7,2569,45.0,2.36,ELEVATION_FILLED_SLOPE_FILLED,0.172494712385148,LOW,PROTOTYPE_PROXY_NOT_GROUND_TRUTH
2026354,Golaghat,Assam,26.47660033051549,93.83404905500912,2296.8,1523.4,2375.7,2569,100.0,0.59,ELEVATION_FILLED_SLOPE_FILLED,0.172494712385148,LOW,PROTOTYPE_PROXY_NOT_GROUND_TRUTH
2026004,Hailakandi district,Assam,24.497756087372075,92.58706488102594,2296.8,1523.4,2375.7,2569,29.0,3.21,ELEVATION_FILLED_SLOPE_FILLED,0.172494712385148,LOW,PROTOTYPE_PROXY_NOT_GROUND_TRUTH
16701845,Hojai,Assam,25.978475935802937,92.98078568733092,2296.8,1523.4,2375.7,2569,82.0,1.34,ELEVATION_FILLED_SLOPE_FILLED,0.172494712385148,LOW,PROTOTYPE_PROXY_NOT_GROUND_TRUTH
2026355,Jorhat,Assam,26.711334498090185,94.26359278000224,2296.8,1523.4,2375.7,2569,102.0,0.26,ELEVATION_FILLED_SLOPE_FILLED,0.172494712385148,LOW,PROTOTYPE_PROXY_NOT_GROUND_TRUTH
1791256,Kamrup,Assam,26.10241529697627,91.41488355874154,2296.8,1523.4,2375.7,2569,43.0,1.26,ELEVATION_FILLED_SLOPE_FILLED,0.172494712385148,LOW,PROTOTYPE_PROXY_NOT_GROUND_TRUTH
9521878,Kamrup Metropolitan,Assam,26.129397619340367,91.88803657297638,2296.8,1523.4,2375.7,2569,174.0,4.16,ELEVATION_FILLED_SLOPE_FILLED,0.172494712385148,LOW,PROTOTYPE_PROXY_NOT_GROUND_TRUTH
2025924,Karbi Anglong,Assam,26.15709835184388,93.4048912995225,2296.8,1523.4,2375.7,2569,527.0,14.05,ELEVATION_FILLED_SLOPE_FILLED,0.172494712385148,LOW,PROTOTYPE_PROXY_NOT_GROUND_TRUTH
2026005,Karimganj,Assam,24.579295849344724,92.38017669728868,2296.8,1523.4,2375.7,2569,62.0,4.61,ELEVATION_FILLED_SLOPE_FILLED,0.172494712385148,LOW,PROTOTYPE_PROXY_NOT_GROUND_TRUTH
1789229,Kokrajhar,Assam,26.49304146308297,90.11904588454055,2296.8,1523.4,2375.7,2569,50.0,0.39,ELEVATION_FILLED_SLOPE_FILLED,0.172494712385148,LOW,PROTOTYPE_PROXY_NOT_GROUND_TRUTH
2026356,Lakhimpur,Assam,27.17617036524737,94.14113332067387,2296.8,1523.4,2375.7,2569,87.0,0.0,ELEVATION_FILLED_SLOPE_FILLED,0.172494712385148,LOW,PROTOTYPE_PROXY_NOT_GROUND_TRUTH
9521299,Majuli,Assam,27.00017877187452,94.29160703512136,2296.8,1523.4,2375.7,2569,86.0,0.52,ELEVATION_FILLED_SLOPE_FILLED,0.172494712385148,LOW,PROTOTYPE_PROXY_NOT_GROUND_TRUTH
2025921,Marigaon,Assam,26.28175299836131,92.28369037395343,2296.8,1523.4,2375.7,2569,53.0,2.3,ELEVATION_FILLED_SLOPE_FILLED,0.172494712385148,LOW,PROTOTYPE_PROXY_NOT_GROUND_TRUTH
2025972,Nagaon,Assam,26.36316079176948,92.75395722758157,2296.8,1523.4,2375.7,2569,63.0,1.9,ELEVATION_FILLED_SLOPE_FILLED,0.172494712385148,LOW,PROTOTYPE_PROXY_NOT_GROUND_TRUTH
1791238,Nalbari,Assam,26.3707006489154,91.38169046246996,2296.8,1523.4,2375.7,2569,45.0,0.26,ELEVATION_FILLED_SLOPE_FILLED,0.172494712385148,LOW,PROTOTYPE_PROXY_NOT_GROUND_TRUTH
2026443,Sivasagar,Assam,26.97022989651813,94.66027341033252,2296.8,1523.4,2375.7,2569,94.0,0.39,ELEVATION_FILLED_SLOPE_FILLED,0.172494712385148,LOW,PROTOTYPE_PROXY_NOT_GROUND_TRUTH
2026041,Sonitpur,Assam,26.759200845854306,92.69900805426164,2296.8,1523.4,2375.7,2569,80.0,1.41,ELEVATION_FILLED_SLOPE_FILLED,0.172494712385148,LOW,PROTOTYPE_PROXY_NOT_GROUND_TRUTH
16702229,Tamulpur,Assam,26.65475252154044,91.62397610479944,2296.8,1523.4,2375.7,2569,74.0,0.39,ELEVATION_FILLED_SLOPE_FILLED,0.172494712385148,LOW,PROTOTYPE_PROXY_NOT_GROUND_TRUTH
2026439,Tinsukia,Assam,27.57984210865979,95.6197220748896,2296.8,1523.4,2375.7,2569,135.0,0.29,ELEVATION_FILLED_SLOPE_FILLED,0.172494712385148,LOW,PROTOTYPE_PROXY_NOT_GROUND_TRUTH
9521466,Udalguri,Assam,26.730587989996355,92.03162352909314,2296.8,1523.4,2375.7,2569,103.0,2.02,ELEVATION_FILLED_SLOPE_FILLED,0.172494712385148,LOW,PROTOTYPE_PROXY_NOT_GROUND_TRUTH
9521812,West Karbi Anglong,Assam,25.850327229805227,92.5337653461942,2296.8,1523.4,2375.7,2569,605.0,11.66,ELEVATION_FILLED_SLOPE_FILLED,0.172494712385148,LOW,PROTOTYPE_PROXY_NOT_GROUND_TRUTH
2027934,Bishnupur district,Manipur,24.548748442244893,93.80327602537834,2039.8,1404.5,1225.2,5494,767.0,0.0,ELEVATION_FILLED_SLOPE_FILLED,0.1344519651195774,LOW,PROTOTYPE_PROXY_NOT_GROUND_TRUTH
2027970,Chandel district,Manipur,24.140494195882777,94.01310071792903,2039.8,1404.5,1225.2,5494,1008.0,19.48,ELEVATION_FILLED_SLOPE_FILLED,0.1344519651195774,LOW,PROTOTYPE_PROXY_NOT_GROUND_TRUTH
2027870,Churachandpur district,Manipur,24.30067712108902,93.60300175101423,2039.8,1404.5,1225.2,5494,864.0,11.14,ELEVATION_FILLED_SLOPE_FILLED,0.1344519651195774,LOW,PROTOTYPE_PROXY_NOT_GROUND_TRUTH
2027871,Imphal East,Manipur,24.81988882586683,94.01136982263742,2039.8,1404.5,1225.2,5494,826.0,15.55,ELEVATION_FILLED_SLOPE_FILLED,0.1344519651195774,LOW,PROTOTYPE_PROXY_NOT_GROUND_TRUTH
2027935,Imphal West,Manipur,24.76948256638316,93.86789227256313,2039.8,1404.5,1225.2,5494,776.0,0.28,ELEVATION_FILLED_SLOPE_FILLED,0.1344519651195774,LOW,PROTOTYPE_PROXY_NOT_GROUND_TRUTH
9532320,Jiribam district,Manipur,24.713990291465965,93.13610274800648,2039.8,1404.5,1225.2,5494,213.0,13.78,ELEVATION_FILLED_SLOPE_FILLED,0.1344519651195774,LOW,PROTOTYPE_PROXY_NOT_GROUND_TRUTH
9532750,Kakching district,Manipur,24.4606877377543,93.92163287833478,2039.8,1404.5,1225.2,5494,769.0,0.0,ELEVATION_FILLED_SLOPE_FILLED,0.1344519651195774,LOW,PROTOTYPE_PROXY_NOT_GROUND_TRUTH
9532615,Kamjong district,Manipur,24.822678358946213,94.43127623821051,2039.8,1404.5,1225.2,5494,537.0,14.15,ELEVATION_FILLED_SLOPE_FILLED,0.1344519651195774,LOW,PROTOTYPE_PROXY_NOT_GROUND_TRUTH
9532475,Kangpokpi district,Manipur,25.00618239511822,93.93975342163768,2039.8,1404.5,1225.2,5494,906.0,18.6,ELEVATION_FILLED_SLOPE_FILLED,0.1344519651195774,LOW,PROTOTYPE_PROXY_NOT_GROUND_TRUTH
9532329,Noney district,Manipur,24.759229238832788,93.5036450689147,2039.8,1404.5,1225.2,5494,387.0,13.37,ELEVATION_FILLED_SLOPE_FILLED,0.1344519651195774,LOW,PROTOTYPE_PROXY_NOT_GROUND_TRUTH
9533549,Pherzawl district,Manipur,24.32419653318244,93.21941702248115,2039.8,1404.5,1225.2,5494,577.0,19.32,ELEVATION_FILLED_SLOPE_FILLED,0.1344519651195774,LOW,PROTOTYPE_PROXY_NOT_GROUND_TRUTH
2027936,Senapati,Manipur,25.39774580284801,94.12665503676917,2039.8,1404.5,1225.2,5494,1150.0,17.31,ELEVATION_FILLED_SLOPE_FILLED,0.1344519651195774,LOW,PROTOTYPE_PROXY_NOT_GROUND_TRUTH
2027872,Tamenglong district,Manipur,25.07567105173344,93.52656261699624,2039.8,1404.5,1225.2,5494,699.0,24.29,ELEVATION_FILLED_SLOPE_FILLED,0.1344519651195774,LOW,PROTOTYPE_PROXY_NOT_GROUND_TRUTH
9532614,Tengnoupal,Manipur,24.42484112003685,94.22619052136044,2039.8,1404.5,1225.2,5494,978.0,21.34,ELEVATION_FILLED_SLOPE_FILLED,0.1344519651195774,LOW,PROTOTYPE_PROXY_NOT_GROUND_TRUTH
2027937,Thoubal district,Manipur,24.618258447648177,94.01088229504694,2039.8,1404.5,1225.2,5494,776.0,1.0,ELEVATION_FILLED_SLOPE_FILLED,0.1344519651195774,LOW,PROTOTYPE_PROXY_NOT_GROUND_TRUTH
2027971,Ukhrul district,Manipur,25.23230137081904,94.42850555876667,2039.8,1404.5,1225.2,5494,1174.0,18.61,ELEVATION_FILLED_SLOPE_FILLED,0.1344519651195774,LOW,PROTOTYPE_PROXY_NOT_GROUND_TRUTH
2027474,East Garo Hills,Meghalaya,25.6226664380283,90.63038052576906,3837.1,2786.8,4216.1,2639,443.0,8.71,ELEVATION_FILLED_SLOPE_FILLED,0.7296782544378699,HIGH,PROTOTYPE_PROXY_NOT_GROUND_TRUTH
9522423,East Jaintia Hills,Meghalaya,25.258533735269417,92.46990854981928,3837.1,2786.8,4216.1,2639,809.0,1.0,ELEVATION_FILLED_SLOPE_FILLED,0.7296782544378699,HIGH,PROTOTYPE_PROXY_NOT_GROUND_TRUTH
2027522,East Khasi Hills,Meghalaya,25.384567838029447,91.8045964163179,3837.1,2786.8,4216.1,2639,1542.0,28.24,ELEVATION_FILLED_SLOPE_FILLED,0.7296782544378699,HIGH,PROTOTYPE_PROXY_NOT_GROUND_TRUTH
14723470,Eastern West Khasi Hills,Meghalaya,25.65043154052338,91.58959942922446,3837.1,2786.8,4216.1,2639,1330.0,9.87,ELEVATION_FILLED_SLOPE_FILLED,0.7296782544378699,HIGH,PROTOTYPE_PROXY_NOT_GROUND_TRUTH
9522478,North Garo Hills,Meghalaya,25.854542323970627,90.6646018569513,3837.1,2786.8,4216.1,2639,177.0,19.72,ELEVATION_FILLED_SLOPE_FILLED,0.7296782544378699,HIGH,PROTOTYPE_PROXY_NOT_GROUND_TRUTH
2027524,Ri-Bhoi,Meghalaya,25.874608662566526,91.88372349753335,3837.1,2786.8,4216.1,2639,540.0,11.0,ELEVATION_FILLED_SLOPE_FILLED,0.7296782544378699,HIGH,PROTOTYPE_PROXY_NOT_GROUND_TRUTH
2027475,South Garo Hills,Meghalaya,25.30268283698532,90.58236132360416,3837.1,2786.8,4216.1,2639,140.0,12.5,ELEVATION_FILLED_SLOPE_FILLED,0.7296782544378699,HIGH,PROTOTYPE_PROXY_NOT_GROUND_TRUTH
9522272,South Salmara-Mankachar,Meghalaya,25.817415756696064,89.96202296007633,3837.1,2786.8,4216.1,2639,27.0,0.39,ELEVATION_FILLED_SLOPE_FILLED,0.7296782544378699,HIGH,PROTOTYPE_PROXY_NOT_GROUND_TRUTH
9522314,South West Garo Hills,Meghalaya,25.44066947958291,89.99038394230091,3837.1,2786.8,4216.1,2639,58.0,2.59,ELEVATION_FILLED_SLOPE_FILLED,0.7296782544378699,HIGH,PROTOTYPE_PROXY_NOT_GROUND_TRUTH
9522352,South West Khasi Hills,Meghalaya,25.32692783386964,91.25777735240236,3837.1,2786.8,4216.1,2639,1004.0,7.96,ELEVATION_FILLED_SLOPE_FILLED,0.7296782544378699,HIGH,PROTOTYPE_PROXY_NOT_GROUND_TRUTH
2027476,West Garo Hills,Meghalaya,25.653362023358177,90.19468000547384,3837.1,2786.8,4216.1,2639,380.0,7.7,ELEVATION_FILLED_SLOPE_FILLED,0.7296782544378699,HIGH,PROTOTYPE_PROXY_NOT_GROUND_TRUTH
2027523,West Jaintia Hills,Meghalaya,25.48417430927889,92.28716534354164,3837.1,2786.8,4216.1,2639,1326.0,7.55,ELEVATION_FILLED_SLOPE_FILLED,0.7296782544378699,HIGH,PROTOTYPE_PROXY_NOT_GROUND_TRUTH
2027525,West Khasi Hills,Meghalaya,25.58358257546156,91.10054054509052,3837.1,2786.8,4216.1,2639,1054.0,5.12,ELEVATION_FILLED_SLOPE_FILLED,0.7296782544378699,HIGH,PROTOTYPE_PROXY_NOT_GROUND_TRUTH
2029066,Aizawl,Mizoram,23.83606422118772,92.82854035788438,2626.8,1708.3,1833.3,12385,272.0,26.76,ELEVATION_FILLED_SLOPE_FILLED,0.5020191503228992,MEDIUM,PROTOTYPE_PROXY_NOT_GROUND_TRUTH
2029067,Champhai district,Mizoram,23.569070454164954,93.2699613491704,2626.8,1708.3,1833.3,12385,1059.0,30.51,ELEVATION_FILLED_SLOPE_FILLED,0.5020191503228992,MEDIUM,PROTOTYPE_PROXY_NOT_GROUND_TRUTH
12035192,Hnahthial,Mizoram,22.952001137135493,92.9878874871314,2626.8,1708.3,1833.3,12385,1039.0,9.64,ELEVATION_FILLED_SLOPE_FILLED,0.5020191503228992,MEDIUM,PROTOTYPE_PROXY_NOT_GROUND_TRUTH
12034295,Khawzawl,Mizoram,23.485746577339373,93.15033658185308,2626.8,1708.3,1833.3,12385,1308.0,16.07,ELEVATION_FILLED_SLOPE_FILLED,0.5020191503228992,MEDIUM,PROTOTYPE_PROXY_NOT_GROUND_TRUTH
2029068,Kolasib,Mizoram,24.15926922172776,92.72709988037111,2626.8,1708.3,1833.3,12385,152.0,20.6,ELEVATION_FILLED_SLOPE_FILLED,0.5020191503228992,MEDIUM,PROTOTYPE_PROXY_NOT_GROUND_TRUTH
2029047,Lawngtlai,Mizoram,22.43274408654733,92.76670729727964,2626.8,1708.3,1833.3,12385,257.0,19.86,ELEVATION_FILLED_SLOPE_FILLED,0.5020191503228992,MEDIUM,PROTOTYPE_PROXY_NOT_GROUND_TRUTH
2029048,Lunglei,Mizoram,22.97875178706258,92.65211108505513,2626.8,1708.3,1833.3,12385,539.0,17.1,ELEVATION_FILLED_SLOPE_FILLED,0.5020191503228992,MEDIUM,PROTOTYPE_PROXY_NOT_GROUND_TRUTH
2029049,Mamit,Mizoram,23.75367885524428,92.46498946320904,2626.8,1708.3,1833.3,12385,485.0,14.38,ELEVATION_FILLED_SLOPE_FILLED,0.5020191503228992,MEDIUM,PROTOTYPE_PROXY_NOT_GROUND_TRUTH
2029050,Saiha,Mizoram,22.29411284577223,93.00075382020007,2626.8,1708.3,1833.3,12385,1377.0,8.05,ELEVATION_FILLED_SLOPE_FILLED,0.5020191503228992,MEDIUM,PROTOTYPE_PROXY_NOT_GROUND_TRUTH
12035237,Saitual,Mizoram,23.827293652460234,93.01835776759464,2626.8,1708.3,1833.3,12385,537.0,35.35,ELEVATION_FILLED_SLOPE_FILLED,0.5020191503228992,MEDIUM,PROTOTYPE_PROXY_NOT_GROUND_TRUTH
2029069,Serchhip,Mizoram,23.309176752262875,92.94422114916982,2626.8,1708.3,1833.3,12385,693.0,30.26,ELEVATION_FILLED_SLOPE_FILLED,0.5020191503228992,MEDIUM,PROTOTYPE_PROXY_NOT_GROUND_TRUTH
14769140,Chümoukedima,Nagaland,25.766496637804305,93.78110960606897,1959.8,1329.9,1456.0,2132,636.0,13.77,ELEVATION_FILLED_SLOPE_FILLED,0.0271908656084204,LOW,PROTOTYPE_PROXY_NOT_GROUND_TRUTH
2663857,Dimapur,Nagaland,25.902910590344217,93.7215941989128,1959.8,1329.9,1456.0,2132,151.0,0.52,ELEVATION_FILLED_SLOPE_FILLED,0.0271908656084204,LOW,PROTOTYPE_PROXY_NOT_GROUND_TRUTH
9520304,Kiphire,Nagaland,25.84563344787605,94.82304300625772,1959.8,1329.9,1456.0,2132,713.0,20.29,ELEVATION_FILLED_SLOPE_FILLED,0.0271908656084204,LOW,PROTOTYPE_PROXY_NOT_GROUND_TRUTH
2027974,Kohima,Nagaland,25.713907362926665,94.090796275728,1959.8,1329.9,1456.0,2132,1489.0,0.96,ELEVATION_FILLED_SLOPE_FILLED,0.0271908656084204,LOW,PROTOTYPE_PROXY_NOT_GROUND_TRUTH
9520317,Longleng,Nagaland,26.555416515311222,94.79731105358064,1959.8,1329.9,1456.0,2132,1009.0,23.4,ELEVATION_FILLED_SLOPE_FILLED,0.0271908656084204,LOW,PROTOTYPE_PROXY_NOT_GROUND_TRUTH
19969223,Meluri district,Nagaland,25.621470782766647,94.70870629323971,1959.8,1329.9,1456.0,2132,1147.0,9.31,ELEVATION_FILLED_SLOPE_FILLED,0.0271908656084204,LOW,PROTOTYPE_PROXY_NOT_GROUND_TRUTH
2027986,Mokokchung,Nagaland,26.473381831780262,94.52867492685144,1959.8,1329.9,1456.0,2132,579.0,15.75,ELEVATION_FILLED_SLOPE_FILLED,0.0271908656084204,LOW,PROTOTYPE_PROXY_NOT_GROUND_TRUTH
2027987,Mon,Nagaland,26.678976837945296,95.01667891670316,1959.8,1329.9,1456.0,2132,946.0,19.36,ELEVATION_FILLED_SLOPE_FILLED,0.0271908656084204,LOW,PROTOTYPE_PROXY_NOT_GROUND_TRUTH
16090862,Niuland,Nagaland,25.85024257760648,93.9059471836198,1959.8,1329.9,1456.0,2132,483.0,36.37,ELEVATION_FILLED_SLOPE_FILLED,0.0271908656084204,LOW,PROTOTYPE_PROXY_NOT_GROUND_TRUTH
9536752,Noklak,Nagaland,26.11385344665449,95.02079160676608,1959.8,1329.9,1456.0,2132,1317.0,30.18,ELEVATION_FILLED_SLOPE_FILLED,0.0271908656084204,LOW,PROTOTYPE_PROXY_NOT_GROUND_TRUTH
9520359,Peren,Nagaland,25.49915559943612,93.6138491787194,1959.8,1329.9,1456.0,2132,1596.0,30.18,ELEVATION_FILLED_SLOPE_FILLED,0.0271908656084204,LOW,PROTOTYPE_PROXY_NOT_GROUND_TRUTH
2027975,Phek,Nagaland,25.670670981387847,94.37396310787648,1959.8,1329.9,1456.0,2132,1890.0,30.0,ELEVATION_FILLED_SLOPE_FILLED,0.0271908656084204,LOW,PROTOTYPE_PROXY_NOT_GROUND_TRUTH
16090861,Shamator,Nagaland,26.08636038998312,94.86484336623272,1959.8,1329.9,1456.0,2132,1692.0,21.75,ELEVATION_FILLED_SLOPE_FILLED,0.0271908656084204,LOW,PROTOTYPE_PROXY_NOT_GROUND_TRUTH
14723514,Tseminyü,Nagaland,25.939322886087645,94.16204780579072,1959.8,1329.9,1456.0,2132,1205.0,19.34,ELEVATION_FILLED_SLOPE_FILLED,0.0271908656084204,LOW,PROTOTYPE_PROXY_NOT_GROUND_TRUTH
2027988,Tuensang,Nagaland,26.24831770374873,94.75730058202016,1959.8,1329.9,1456.0,2132,1795.0,19.54,ELEVATION_FILLED_SLOPE_FILLED,0.0271908656084204,LOW,PROTOTYPE_PROXY_NOT_GROUND_TRUTH
2027976,Wokha,Nagaland,26.18567739032776,94.18998497595328,1959.8,1329.9,1456.0,2132,469.0,23.1,ELEVATION_FILLED_SLOPE_FILLED,0.0271908656084204,LOW,PROTOTYPE_PROXY_NOT_GROUND_TRUTH
2027989,Zünheboto,Nagaland,25.99747023466461,94.48427524987024,1959.8,1329.9,1456.0,2132,1755.0,25.95,ELEVATION_FILLED_SLOPE_FILLED,0.0271908656084204,LOW,PROTOTYPE_PROXY_NOT_GROUND_TRUTH
10089492,Gangtok,Sikkim,27.336527891121296,88.65609092164689,2971.6,1800.8,3300.7,1569,1550.0,17.93,ELEVATION_FILLED_SLOPE_FILLED,0.3465855367890758,MEDIUM,PROTOTYPE_PROXY_NOT_GROUND_TRUTH
1790817,Gyalshing,Sikkim,27.403639419452727,88.17802657692917,2971.6,1800.8,3300.7,1569,3076.0,23.93,ELEVATION_FILLED_SLOPE_FILLED,0.3465855367890758,MEDIUM,PROTOTYPE_PROXY_NOT_GROUND_TRUTH
1790815,Mangan,Sikkim,27.74280599866109,88.52637389454814,2971.6,1800.8,3300.7,1569,4046.0,37.2,ELEVATION_FILLED_SLOPE_FILLED,0.3465855367890758,MEDIUM,PROTOTYPE_PROXY_NOT_GROUND_TRUTH
1790816,Namchi,Sikkim,27.27526203044871,88.38801625580716,2971.6,1800.8,3300.7,1569,1422.0,19.27,ELEVATION_FILLED_SLOPE_FILLED,0.3465855367890758,MEDIUM,PROTOTYPE_PROXY_NOT_GROUND_TRUTH
14575603,Pakyong,Sikkim,27.23665972889312,88.6896825263178,2971.6,1800.8,3300.7,1569,1681.0,40.69,ELEVATION_FILLED_SLOPE_FILLED,0.3465855367890758,MEDIUM,PROTOTYPE_PROXY_NOT_GROUND_TRUTH
14768400,Soreng,Sikkim,27.19061483436931,88.17784080227375,2971.6,1800.8,3300.7,1569,2170.0,23.04,ELEVATION_FILLED_SLOPE_FILLED,0.3465855367890758,MEDIUM,PROTOTYPE_PROXY_NOT_GROUND_TRUTH
2026459,Dhalai,Tripura,23.837754827847817,91.924166727312,2475.3,1489.1,1772.8,8070,126.0,5.73,ELEVATION_FILLED_SLOPE_FILLED,0.3174767306109141,LOW,PROTOTYPE_PROXY_NOT_GROUND_TRUTH
9519754,Gomati,Tripura,23.514918242349708,91.62650482942628,2475.3,1489.1,1772.8,8070,59.0,2.71,ELEVATION_FILLED_SLOPE_FILLED,0.3174767306109141,LOW,PROTOTYPE_PROXY_NOT_GROUND_TRUTH
9519814,Khowai,Tripura,23.945392085982224,91.6575748069946,2475.3,1489.1,1772.8,8070,73.0,2.23,ELEVATION_FILLED_SLOPE_FILLED,0.3174767306109141,LOW,PROTOTYPE_PROXY_NOT_GROUND_TRUTH
2026469,North Tripura,Tripura,24.10312460741094,92.21084005921382,2475.3,1489.1,1772.8,8070,52.0,1.72,ELEVATION_FILLED_SLOPE_FILLED,0.3174767306109141,LOW,PROTOTYPE_PROXY_NOT_GROUND_TRUTH
9519791,Sipahijala,Tripura,23.58477264059614,91.33093191093845,2475.3,1489.1,1772.8,8070,51.0,3.21,ELEVATION_FILLED_SLOPE_FILLED,0.3174767306109141,LOW,PROTOTYPE_PROXY_NOT_GROUND_TRUTH
2026470,South Tripura,Tripura,23.192312984120782,91.5803576502381,2475.3,1489.1,1772.8,8070,38.0,0.99,ELEVATION_FILLED_SLOPE_FILLED,0.3174767306109141,LOW,PROTOTYPE_PROXY_NOT_GROUND_TRUTH
9520112,Unakoti,Tripura,24.1911524112849,92.04021472281693,2475.3,1489.1,1772.8,8070,53.0,3.35,ELEVATION_FILLED_SLOPE_FILLED,0.3174767306109141,LOW,PROTOTYPE_PROXY_NOT_GROUND_TRUTH
2026460,West Tripura,Tripura,23.886827295051383,91.39821268829188,2475.3,1489.1,1772.8,8070,48.0,2.89,ELEVATION_FILLED_SLOPE_FILLED,0.3174767306109141,LOW,PROTOTYPE_PROXY_NOT_GROUND_TRUTH
